label,seed,risk_mean,risk_relief,probe_rate,response_prob,response_delay_s,post_trigger_probe,workload,episode_length,retrieval_rate,probe_time_share,veh_time_share,_noref_stop_rate,_total_steps,_n_veh_onsets,_n_lm_onsets,_reached_goal,_seed
memth|0.03,20260707,0.25432783357245337,0.09189423076923077,30.79268292682927,0.9090909090909091,0.6038800000000663,0.8461538461538461,6.6205247668579625,9.323144104803493,0.6987577639751553,0.1187261508653292,0.011477761836441894,24.456521739130434,5576,11,26,True,20260707
memth|0.04,20260709,0.24721733021077283,0.05290000000000001,31.50783642586921,0.8333333333333334,0.7398000000000706,0.8461538461538461,6.406630192758062,9.318777292576419,1.331245105716523,0.12222424292627845,0.006125022518465141,23.88410336726703,5551,6,26,True,20260709
memth|0.04,20260708,0.2508269869619575,0.09203333333333331,31.39846401143061,0.8125,0.635246153846201,0.8518518518518519,6.460436470798357,9.263829787234043,1.5255530129672006,0.12264166602148105,0.017145918914091802,24.86651411136537,5599,16,27,True,20260708
memth|0.04,20260707,0.25474146211312704,0.07959375,31.1988616150836,0.6428571428571429,0.3077111111110816,0.96875,6.591819228032729,9.17094017094017,1.2067578439259854,0.12100469012977907,0.014941302027748132,25.583266291230895,5622,14,32,True,20260707
memth|0.03,20260706,0.25610362931642,0.061614,32.82241014799154,0.9090909090909091,0.3938800000001038,1.0,6.602269221282594,9.601731601731602,0.7434944237918215,0.13043934273871816,0.011627906976744186,25.799256505576206,5676,11,25,True,20260706
memth|0.04,20260705,0.25688394135102116,0.08479907407407408,31.750741839762615,0.9047619047619048,0.6424842105263039,0.9629629629629629,6.6480072787572,9.119341563786008,1.019607843137255,0.12417328856751318,0.020946063885494852,28.3921568627451,5729,21,27,True,20260705
memth|0.03,20260705,0.25766528349132534,0.06621838235294117,30.853156859238062,0.9166666666666666,0.5389636363636069,0.8529411764705882,6.752732051511359,8.695833333333333,1.097972972972973,0.11795761786984363,0.011804686102664998,26.26689189189189,5591,12,34,True,20260705
memth|0.04,20260706,0.25822805263157894,0.13704895833333333,30.982456140350877,0.8235294117647058,0.5127571428571238,0.9166666666666666,6.624316596491228,10.32882882882883,1.348314606741573,0.12160229774339003,0.01719298245614035,26.89138576779026,5700,17,24,True,20260706
memth|0.03,20260708,0.2535130195381883,0.06378709677419354,32.20248667850799,0.9285714285714286,0.5360307692307804,0.967741935483871,6.533538419182949,10.008849557522124,1.0471204188481675,0.12708118724346631,0.014564831261101243,24.457741211667912,5630,14,31,True,20260708
memth|0.03,20260709,0.26235530569219956,0.10732890625,31.254392129304286,0.6666666666666666,0.3559199999999464,0.9375,6.7632442902319045,9.767543859649123,0.777000777000777,0.12173487380859253,0.015811665495432184,26.65112665112665,5692,15,32,True,20260709
memth|0.06,20260705,0.12177840430510062,0.156595,8.072063640617689,0.16,0.5449000000000481,0.28,3.116360949929808,11.497005988023952,2.13903743315508,0.04161407120047479,0.03369209171736079,7.4866310160427805,4274,25,25,True,20260705
memth|0.06,20260706,0.11594522352941176,0.07146176470588235,8.282352941176471,0.36363636363636365,0.0,0.058823529411764705,2.9708533647058823,11.311764705882354,1.787487586891758,0.042539582512619196,0.014352941176470587,8.440913604766633,4250,11,17,True,20260706
memth|0.06,20260709,0.1160011518570757,0.12224875000000002,8.603667136812412,0.35714285714285715,1.081979999999953,0.1,2.993582487070992,10.395604395604396,2.3517382413087935,0.04366834378035089,0.019746121297602257,9.611451942740286,4254,14,20,True,20260709
memth|0.06,20260707,0.1177924056494559,0.10698157894736841,8.705718916415837,0.42857142857142855,0.7265333333332743,0.10526315789473684,3.048292289881917,11.1,1.92102454642476,0.04522406938259264,0.009724473257698542,8.32443970117396,4319,7,19,True,20260707
memth|0.06,20260708,0.1211496747211896,0.08152976190476191,9.66542750929368,0.42857142857142855,0.3632666666666182,0.09523809523809523,3.0844924488847587,11.051136363636363,2.414486921529175,0.050057557922819164,0.019516728624535316,8.953722334004025,4304,14,21,True,20260708
memth|0.05,20260706,0.23070222391180384,0.09054895833333332,26.7059494392701,0.6363636363636364,0.04140000000000198,0.9166666666666666,5.98234455426725,9.465437788018432,1.7341040462427744,0.09978219376071042,0.012545143508838624,13.37737407101569,5261,11,24,True,20260706
memth|0.05,20260707,0.22975698563700803,0.08920769230769231,27.644096250699494,0.5714285714285714,0.2849499999999239,0.8846153846153846,5.908145122178698,9.288793103448276,1.131770412287793,0.10782547583887761,0.015295653795933594,12.934518997574779,5361,14,26,True,20260707
memth|0.05,20260705,0.23194945157092395,0.060274107142857136,27.77467930842164,0.7037037037037037,0.2625157894736838,0.8214285714285714,6.01689215467559,9.20796460176991,1.636520241171404,0.10721254063427768,0.02788622420524261,14.21188630490956,5379,27,28,True,20260705
memth|0.05,20260708,0.22739186459697025,0.04400416666666667,27.66037030110342,0.7777777777777778,0.3298857142857311,0.75,5.9406323919955115,8.941704035874439,1.4705882352941175,0.10591633231747406,0.019076117449036843,13.667820069204154,5347,18,24,True,20260708
memth|0.05,20260709,0.23161816802579177,0.09404924242424241,26.72103167077565,0.5454545454545454,0.8598666666666664,0.8787878787878788,5.996177185662811,9.096491228070175,1.0942760942760943,0.10061733292419842,0.012516593969277451,12.373737373737374,5273,11,33,True,20260709
memth|0.07,20260705,0.12177840430510062,0.156595,8.072063640617689,0.16,0.5449000000000481,0.28,3.116360949929808,11.497005988023952,2.13903743315508,0.04161407120047479,0.03369209171736079,7.4866310160427805,4274,25,25,True,20260705
memth|0.07,20260706,0.11594522352941176,0.07146176470588235,8.282352941176471,0.36363636363636365,0.0,0.058823529411764705,2.9708533647058823,11.311764705882354,1.787487586891758,0.042539582512619196,0.014352941176470587,8.440913604766633,4250,11,17,True,20260706
memth|0.07,20260707,0.1177924056494559,0.10698157894736841,8.705718916415837,0.42857142857142855,0.7265333333332743,0.10526315789473684,3.048292289881917,11.1,1.92102454642476,0.04522406938259264,0.009724473257698542,8.32443970117396,4319,7,19,True,20260707
memth|0.07,20260708,0.1211496747211896,0.08152976190476191,9.66542750929368,0.42857142857142855,0.3632666666666182,0.09523809523809523,3.0844924488847587,11.051136363636363,2.414486921529175,0.050057557922819164,0.019516728624535316,8.953722334004025,4304,14,21,True,20260708
memth|0.07,20260709,0.1160011518570757,0.12224875000000002,8.603667136812412,0.35714285714285715,1.081979999999953,0.1,2.993582487070992,10.395604395604396,2.3517382413087935,0.04366834378035089,0.019746121297602257,9.611451942740286,4254,14,20,True,20260709
memth|0.08,20260705,0.12177840430510062,0.156595,8.072063640617689,0.16,0.5449000000000481,0.28,3.116360949929808,11.497005988023952,2.13903743315508,0.04161407120047479,0.03369209171736079,7.4866310160427805,4274,25,25,True,20260705
memth|0.08,20260706,0.11594522352941176,0.07146176470588235,8.282352941176471,0.36363636363636365,0.0,0.058823529411764705,2.9708533647058823,11.311764705882354,1.787487586891758,0.042539582512619196,0.014352941176470587,8.440913604766633,4250,11,17,True,20260706
memth|0.08,20260707,0.1177924056494559,0.10698157894736841,8.705718916415837,0.42857142857142855,0.7265333333332743,0.10526315789473684,3.048292289881917,11.1,1.92102454642476,0.04522406938259264,0.009724473257698542,8.32443970117396,4319,7,19,True,20260707
memth|0.08,20260709,0.1160011518570757,0.12224875000000002,8.603667136812412,0.35714285714285715,1.081979999999953,0.1,2.993582487070992,10.395604395604396,2.3517382413087935,0.04366834378035089,0.019746121297602257,9.611451942740286,4254,14,20,True,20260709
memth|0.08,20260708,0.1211496747211896,0.08152976190476191,9.66542750929368,0.42857142857142855,0.3632666666666182,0.09523809523809523,3.0844924488847587,11.051136363636363,2.414486921529175,0.050057557922819164,0.019516728624535316,8.953722334004025,4304,14,21,True,20260708
incumbent|start,20260705,0.12177840430510062,0.156595,8.072063640617689,0.16,0.5449000000000481,0.28,3.116360949929808,11.497005988023952,2.13903743315508,0.04161407120047479,0.03369209171736079,7.4866310160427805,4274,25,25,True,20260705
incumbent|start,20260707,0.1177924056494559,0.10698157894736841,8.705718916415837,0.42857142857142855,0.7265333333332743,0.10526315789473684,3.048292289881917,11.1,1.92102454642476,0.04522406938259264,0.009724473257698542,8.32443970117396,4319,7,19,True,20260707
incumbent|start,20260706,0.11594522352941176,0.07146176470588235,8.282352941176471,0.36363636363636365,0.0,0.058823529411764705,2.9708533647058823,11.311764705882354,1.787487586891758,0.042539582512619196,0.014352941176470587,8.440913604766633,4250,11,17,True,20260706
incumbent|start,20260708,0.1211496747211896,0.08152976190476191,9.66542750929368,0.42857142857142855,0.3632666666666182,0.09523809523809523,3.0844924488847587,11.051136363636363,2.414486921529175,0.050057557922819164,0.019516728624535316,8.953722334004025,4304,14,21,True,20260708
incumbent|start,20260709,0.1160011518570757,0.12224875000000002,8.603667136812412,0.35714285714285715,1.081979999999953,0.1,2.993582487070992,10.395604395604396,2.3517382413087935,0.04366834378035089,0.019746121297602257,9.611451942740286,4254,14,20,True,20260709
R1|MEMORY_ACTIVE_ABSENT_STEPS_TH|9,20260708,0.1056967296511628,0.10596071428571428,7.945736434108527,0.2727272727272727,0.0632666666667016,0.10714285714285714,2.8769971656976745,9.12707182320442,3.9149888143176734,0.03947046080710654,0.015988372093023256,9.507829977628637,4128,11,28,True,20260708
R1|MEMORY_ACTIVE_ABSENT_STEPS_TH|9,20260705,0.12486002336448597,0.0970804347826087,9.649532710280374,0.21052631578947367,0.6474500000000063,0.08695652173913043,3.200506799065421,11.028901734104046,3.9603960396039604,0.04843124953182966,0.02663551401869159,9.900990099009901,4280,19,23,True,20260705
R1|MEMORY_ACTIVE_ABSENT_STEPS_TH|7,20260709,0.13188104895104896,0.13050833333333334,10.233100233100233,0.42857142857142855,0.18163333333332807,0.0,3.438205407925408,10.69767441860465,6.2944162436548226,0.04957397491811726,0.019580419580419582,11.878172588832488,4290,14,18,True,20260709
R1|MEMORY_ACTIVE_ABSENT_STEPS_TH|7,20260707,0.1250100187265918,0.08672980769230769,10.393258426966293,0.5,0.555920000000026,0.2692307692307692,3.2726338014981273,10.320224719101123,7.093596059113301,0.04984237434272399,0.014044943820224719,10.44334975369458,4272,10,26,True,20260707
R1|MEMORY_ACTIVE_ABSENT_STEPS_TH|7,20260706,0.13708197513812154,0.05926052631578947,9.760589318600369,0.5,0.21795999999999366,0.05263157894736842,3.565560566298343,10.097297297297297,5.088265835929388,0.047957429848275106,0.013351749539594844,14.122533748701974,4344,10,19,True,20260706
R1|MEMORY_ACTIVE_ABSENT_STEPS_TH|9,20260707,0.11024253092293054,0.09238571428571428,8.301617507136061,0.1111111111111111,0.6000000000001364,0.09523809523809523,2.95715404376784,9.25925925925926,2.9443838604143946,0.04160929841045358,0.012844909609895337,8.505997818974919,4204,9,21,True,20260707
R1|MEMORY_ACTIVE_ABSENT_STEPS_TH|7,20260708,0.13068363509749303,0.11904886363636363,10.190343546889508,0.21428571428571427,0.4765333333333122,0.18181818181818182,3.4089918755803157,10.236263736263735,5.220061412487206,0.05031125502701683,0.018802228412256268,12.18014329580348,4308,14,22,True,20260708
R1|MEMORY_ACTIVE_ABSENT_STEPS_TH|7,20260705,0.13414392458100557,0.08024125,8.985102420856611,0.06666666666666667,0.6000000000001364,0.15,3.518229702048417,10.715116279069768,5.197505197505198,0.04358298310801283,0.02094972067039106,11.746361746361748,4296,15,20,True,20260705
R1|MEMORY_ACTIVE_ABSENT_STEPS_TH|9,20260706,0.12791518898740084,0.07072375,9.49603359776015,0.4,0.7699000000000353,0.05,3.300462879141391,11.106508875739644,3.9361702127659575,0.04799460174956692,0.013765748950069996,10.53191489361702,4286,10,20,True,20260706
R1|MEMORY_ACTIVE_ABSENT_STEPS_TH|9,20260709,0.11961633722314836,0.10983068181818183,8.54965467968564,0.3076923076923077,0.3199000000000751,0.18181818181818182,3.149876137175518,10.401162790697674,2.912621359223301,0.04287185243260158,0.01809954751131222,9.816612729234087,4199,13,22,True,20260709
R1|MEMORY_ACTIVE_ABSENT_STEPS_TH|14,20260706,0.10663546166627107,0.049221,8.497507714217898,0.3,0.35000000000002274,0.0,2.7433546403987656,11.43452380952381,1.9286403085824495,0.0431714954329596,0.014004272489912177,8.389585342333655,4213,10,25,True,20260706
R1|MEMORY_ACTIVE_ABSENT_STEPS_TH|14,20260708,0.09364659773984131,0.09295431034482758,8.295263284443376,0.25,0.0,0.06896551724137931,2.4796420774224575,9.76923076923077,1.1764705882352942,0.043273850811075175,0.017311853811012263,6.096256684491978,4159,12,29,True,20260708
R1|MEMORY_ACTIVE_ABSENT_STEPS_TH|14,20260707,0.10102481560789912,0.06839999999999999,8.256007613609327,0.25,1.1231333333332714,0.0,2.689776374018558,10.634730538922156,1.366742596810934,0.04257838238832163,0.016654770402093743,7.858769931662871,4203,12,21,True,20260707
R1|MEMORY_ACTIVE_ABSENT_STEPS_TH|14,20260709,0.1045282888465205,0.10368750000000002,8.007626310772164,0.25,0.3632666666665803,0.13636363636363635,2.724194327931363,10.462857142857143,1.06951871657754,0.04197086828906739,0.016205910390848427,7.4866310160427805,4196,12,22,True,20260709
R1|MEMORY_ACTIVE_ABSENT_STEPS_TH|18,20260705,0.08814032414126753,0.07359750000000001,7.619738751814223,0.2222222222222222,1.0423499999999848,0.0,2.3558340590227385,10.080924855491329,1.6357688113413305,0.03983368772491342,0.02539912917271408,5.997818974918212,4134,18,20,True,20260705
R1|MEMORY_ACTIVE_ABSENT_STEPS_TH|18,20260707,0.08992762876809873,0.08009374999999999,8.4500356040826,0.38461538461538464,0.6738800000000538,0.05,2.374384832660812,10.439306358381502,0.9846827133479212,0.04416079354265383,0.018039401851412295,6.673960612691467,4213,13,20,True,20260707
R1|MEMORY_ACTIVE_ABSENT_STEPS_TH|14,20260705,0.10757221698113208,0.0622921052631579,8.56132075471698,0.38461538461538464,0.4947000000000685,0.05263157894736842,2.816778561320755,10.601156069364162,1.368421052631579,0.04429815404504125,0.01768867924528302,8.631578947368421,4240,13,19,True,20260705
R1|MEMORY_ACTIVE_ABSENT_STEPS_TH|18,20260706,0.09799336758524053,0.07261666666666666,8.010275572162541,0.5333333333333333,0.8123750000000314,0.047619047619047616,2.4867909388136384,10.916201117318435,1.6898608349900597,0.04200555201235319,0.020551144325081736,7.654075546719683,4282,15,21,True,20260706
R1|MEMORY_ACTIVE_ABSENT_STEPS_TH|18,20260708,0.09835194681861348,0.04817777777777778,8.85565052231719,0.25,0.6474499999999352,0.05555555555555555,2.5303365384615386,10.710227272727273,1.329243353783231,0.04650897043646591,0.022792022792022793,7.770961145194274,4212,16,18,True,20260708
R1|MEMORY_ACTIVE_ABSENT_STEPS_TH|18,20260709,0.08723281399808246,0.06208913043478261,7.957813998082454,0.4444444444444444,0.4974500000000148,0.043478260869565216,2.3156420901246406,10.08,0.9708737864077669,0.04172034287466802,0.012943432406519654,7.5512405609492985,4172,9,23,True,20260709
R1|PROBE_RELIEF_RATIO|0.2,20260705,0.10083784991766644,0.05126818181818182,9.785932721712538,0.0,nan,0.045454545454545456,2.6625817689955302,10.039772727272727,1.3172338090010975,0.05281492170699128,0.020465772759350742,13.391877058177826,4251,15,22,True,20260705
R1|PROBE_RELIEF_RATIO|0.2,20260708,0.10510565462224308,0.10369199999999999,9.033317691224777,0.3333333333333333,0.0,0.12,2.7137708118254342,10.383333333333333,0.8255933952528379,0.04928967057057413,0.008446738620366025,10.010319917440661,4262,6,25,True,20260708
R1|PROBE_RELIEF_RATIO|0.2,20260706,0.10778264596848934,0.07800892857142858,10.379981464318814,0.38461538461538464,0.6159199999999828,0.0,2.772221501390176,10.71264367816092,1.8292682926829267,0.05609336472749032,0.017608897126969416,17.17479674796748,4316,13,28,True,20260706
R1|PROBE_RELIEF_RATIO|0.3,20260705,0.10078804987061868,0.05113181818181818,9.785932721712538,0.0,nan,0.045454545454545456,2.6202975299929427,10.039772727272727,1.3172338090010975,0.05281492170699128,0.020465772759350742,13.391877058177826,4251,15,22,True,20260705
R1|PROBE_RELIEF_RATIO|0.3,20260708,0.10506464101360864,0.103765,9.033317691224777,0.3333333333333333,0.0,0.12,2.6726266776161425,10.383333333333333,0.8255933952528379,0.04928967057057413,0.008446738620366025,10.010319917440661,4262,6,25,True,20260708
R1|PROBE_RELIEF_RATIO|0.2,20260707,0.10300832183908046,0.07856935483870968,11.195402298850574,0.125,1.9898000000000593,0.03225806451612903,2.6287163218390805,10.186170212765957,1.6983016983016983,0.06063819782924644,0.011034482758620689,16.383616383616385,4350,8,31,True,20260707
R1|PROBE_RELIEF_RATIO|0.3,20260707,0.10294855172413794,0.07855403225806452,11.195402298850574,0.125,1.9898000000000593,0.03225806451612903,2.5826264137931036,10.186170212765957,1.6983016983016983,0.06063819782924644,0.011034482758620689,16.383616383616385,4350,8,31,True,20260707
R1|PROBE_RELIEF_RATIO|0.3,20260706,0.10773167284522706,0.07794910714285715,10.379981464318814,0.38461538461538464,0.6159199999999828,0.0,2.7213120250231695,10.71264367816092,1.8292682926829267,0.05609336472749032,0.017608897126969416,17.17479674796748,4316,13,28,True,20260706
R1|PROBE_RELIEF_RATIO|0.2,20260709,0.10951646271069038,0.08253076923076923,10.320942045716924,0.3333333333333333,0.6265333333333084,0.07692307692307693,2.7833957284691757,10.546961325966851,0.6986027944111777,0.056969933895654974,0.012468252135765412,17.365269461077844,4331,9,13,True,20260709
R1|PROBE_RELIEF_RATIO|0.3,20260709,0.10947432463634266,0.08253653846153847,10.320942045716924,0.3333333333333333,0.6265333333333084,0.07692307692307693,2.7290472177326253,10.546961325966851,0.6986027944111777,0.056969933895654974,0.012468252135765412,17.365269461077844,4331,9,13,True,20260709
R1|PROBE_RELIEF_RATIO|0.5,20260706,0.10511933157008897,0.06599479166666666,7.694157249338783,0.36363636363636365,1.0798499999999933,0.08333333333333333,2.7520844433758116,10.834319526627219,1.053740779768177,0.039713668715827634,0.01586919932676124,7.060063224446786,4159,11,24,True,20260706
R1|PROBE_RELIEF_RATIO|0.5,20260705,0.1082428739416745,0.08175588235294118,8.560677328316087,0.4375,0.3970857142857004,0.058823529411764705,2.774085818438382,10.251366120218579,0.9564293304994688,0.045054334247390006,0.02187206020696143,6.801275239107333,4252,16,17,True,20260705
R1|PROBE_RELIEF_RATIO|0.6,20260706,0.10497167588362587,0.06597708333333334,7.694157249338783,0.36363636363636365,1.0798499999999933,0.08333333333333333,2.729739071892282,10.834319526627219,1.053740779768177,0.039713668715827634,0.01586919932676124,7.060063224446786,4159,11,24,True,20260706
R1|PROBE_RELIEF_RATIO|0.6,20260705,0.10810284571966133,0.08169705882352941,8.560677328316087,0.4375,0.3970857142857004,0.058823529411764705,2.7448577140169332,10.251366120218579,0.9564293304994688,0.045054334247390006,0.02187206020696143,6.801275239107333,4252,16,17,True,20260705
R1|PROBE_RELIEF_RATIO|0.5,20260707,0.11687467771639042,0.08074375,8.402394106813995,0.3333333333333333,0.8173500000000331,0.0,2.913277394106814,11.377142857142857,0.7021063189568706,0.04426309686236726,0.016114180478821363,7.5225677031093285,4344,12,12,True,20260707
R1|PROBE_RELIEF_RATIO|0.5,20260709,0.10664750885478158,0.06033888888888889,8.500590318772137,0.5,0.7959200000000692,0.1111111111111111,2.7294906257378986,10.6045197740113,0.6543075245365322,0.045079323550186554,0.014167650531286895,5.997818974918212,4235,10,18,True,20260709
R1|PROBE_RELIEF_RATIO|0.5,20260708,0.11620135913384012,0.10716250000000001,8.868924211011288,0.35714285714285715,0.6838799999999537,0.0,2.8873868463487677,11.591954022988507,1.3972055888223553,0.04665945143209408,0.018428933425478,7.784431137724551,4341,14,16,True,20260708
R1|PROBE_RELIEF_RATIO|0.6,20260708,0.11605655378944944,0.1071296875,8.868924211011288,0.35714285714285715,0.6838799999999537,0.0,2.852564386086155,11.591954022988507,1.3972055888223553,0.04665945143209408,0.018428933425478,7.784431137724551,4341,14,16,True,20260708
R1|PROBE_RELIEF_RATIO|0.6,20260709,0.10652998819362455,0.06030972222222222,8.500590318772137,0.5,0.7959200000000692,0.1111111111111111,2.7013987249114524,10.6045197740113,0.6543075245365322,0.045079323550186554,0.014167650531286895,5.997818974918212,4235,10,18,True,20260709
R1|PROBE_RELIEF_RATIO|0.6,20260707,0.11673238950276243,0.08092083333333334,8.402394106813995,0.3333333333333333,0.8173500000000331,0.0,2.8774772099447516,11.377142857142857,0.7021063189568706,0.04426309686236726,0.016114180478821363,7.5225677031093285,4344,12,12,True,20260707
R1|SEEV_SAFETY_UNIT|0.56,20260705,0.10006160903316866,0.048473863636363634,9.785932721712538,0.0,nan,0.045454545454545456,2.6661714420136438,10.039772727272727,1.3172338090010975,0.05281492170699128,0.020465772759350742,13.391877058177826,4251,15,22,True,20260705
R1|SEEV_SAFETY_UNIT|0.56,20260708,0.10403144063819803,0.102417,9.080244016893477,0.3333333333333333,0.0,0.12,2.71689685593618,10.383333333333333,0.8255933952528379,0.0494751740391982,0.008446738620366025,10.010319917440661,4262,6,25,True,20260708
R1|SEEV_SAFETY_UNIT|0.56,20260706,0.10688917979610751,0.0766017857142857,10.379981464318814,0.38461538461538464,0.6159199999999828,0.0,2.776511376274328,10.71264367816092,1.8292682926829267,0.05609336472749032,0.017608897126969416,17.17479674796748,4316,13,28,True,20260706
R1|SEEV_SAFETY_UNIT|0.56,20260709,0.10857141537751097,0.07965384615384616,10.320942045716924,0.3333333333333333,0.6265333333333084,0.07692307692307693,2.7881546294158395,10.546961325966851,0.6986027944111777,0.05696748877303893,0.012468252135765412,17.365269461077844,4331,9,13,True,20260709
R1|SEEV_SAFETY_UNIT|0.63,20260705,0.10039623617972242,0.050036363636363636,9.785932721712538,0.0,nan,0.045454545454545456,2.6643147259468365,10.039772727272727,1.3172338090010975,0.05281492170699128,0.020465772759350742,13.391877058177826,4251,15,22,True,20260705
R1|SEEV_SAFETY_UNIT|0.56,20260707,0.10206540229885058,0.07806451612903226,11.195402298850574,0.125,1.9898000000000593,0.03225806451612903,2.6331914022988507,10.186170212765957,1.6983016983016983,0.06063819782924644,0.011034482758620689,16.383616383616385,4350,8,31,True,20260707
R1|SEEV_SAFETY_UNIT|0.63,20260708,0.1045745893946504,0.10357799999999999,9.033317691224777,0.3333333333333333,0.0,0.12,2.71659544814641,10.383333333333333,0.8255933952528379,0.04928967057057413,0.008446738620366025,10.010319917440661,4262,6,25,True,20260708
R1|SEEV_SAFETY_UNIT|0.63,20260706,0.10726941612604264,0.07707767857142857,10.379981464318814,0.38461538461538464,0.6159199999999828,0.0,2.775063554216868,10.71264367816092,1.8292682926829267,0.05609336472749032,0.017608897126969416,17.17479674796748,4316,13,28,True,20260706
R1|SEEV_SAFETY_UNIT|0.63,20260709,0.10888778573077812,0.08030576923076922,10.320942045716924,0.3333333333333333,0.6265333333333084,0.07692307692307693,2.787057053798199,10.546961325966851,0.6986027944111777,0.056969933895654974,0.012468252135765412,17.365269461077844,4331,9,13,True,20260709
R1|SEEV_SAFETY_UNIT|0.63,20260707,0.10241402298850576,0.0783524193548387,11.195402298850574,0.125,1.9898000000000593,0.03225806451612903,2.6316888735632187,10.186170212765957,1.6983016983016983,0.06063819782924644,0.011034482758620689,16.383616383616385,4350,8,31,True,20260707
R1|SEEV_SAFETY_UNIT|0.77,20260705,0.10140933897906375,0.04896931818181818,9.785932721712538,0.0,nan,0.045454545454545456,2.660792731122089,10.039772727272727,1.3172338090010975,0.05281492170699128,0.020465772759350742,13.391877058177826,4251,15,22,True,20260705
R1|SEEV_SAFETY_UNIT|0.77,20260708,0.10570236977944628,0.10369199999999999,9.033317691224777,0.3333333333333333,0.0,0.12,2.710285945565462,10.383333333333333,0.8255933952528379,0.04928967057057413,0.008446738620366025,10.010319917440661,4262,6,25,True,20260708
R1|SEEV_SAFETY_UNIT|0.77,20260706,0.10821635773864689,0.07809464285714286,10.379981464318814,0.38461538461538464,0.6159199999999828,0.0,2.7708923308619093,10.71264367816092,1.8292682926829267,0.05609336472749032,0.017608897126969416,17.17479674796748,4316,13,28,True,20260706
R1|SEEV_SAFETY_UNIT|0.77,20260707,0.10347983908045977,0.07836209677419355,11.195402298850574,0.125,1.9898000000000593,0.03225806451612903,2.626863586206897,10.186170212765957,1.6983016983016983,0.06063819782924644,0.011034482758620689,16.383616383616385,4350,8,31,True,20260707
R1|SEEV_SAFETY_UNIT|0.84,20260705,0.10184994119030817,0.05116477272727273,9.785932721712538,0.0,nan,0.045454545454545456,2.6600596565513994,10.039772727272727,1.3172338090010975,0.05281492170699128,0.020465772759350742,13.391877058177826,4251,15,22,True,20260705
R1|SEEV_SAFETY_UNIT|0.77,20260709,0.11007335488339876,0.0810826923076923,10.320942045716924,0.3333333333333333,0.6265333333333084,0.07692307692307693,2.782502332024937,10.546961325966851,0.6986027944111777,0.056969933895654974,0.012468252135765412,17.365269461077844,4331,9,13,True,20260709
R1|SEEV_SAFETY_UNIT|0.84,20260707,0.10380724137931036,0.07839112903225806,11.195402298850574,0.125,1.9898000000000593,0.03225806451612903,2.6250378620689654,10.186170212765957,1.6983016983016983,0.06063819782924644,0.011034482758620689,16.383616383616385,4350,8,31,True,20260707
R1|SEEV_SAFETY_UNIT|0.84,20260708,0.10607064758329424,0.104604,9.033317691224777,0.3333333333333333,0.0,0.12,2.7106802440168933,10.383333333333333,0.8255933952528379,0.04928967057057413,0.008446738620366025,10.010319917440661,4262,6,25,True,20260708
R1|SEEV_SAFETY_UNIT|0.84,20260709,0.11064225352112676,0.0810576923076923,10.320942045716924,0.3333333333333333,0.6265333333333084,0.07692307692307693,2.7793516970676517,10.546961325966851,0.6986027944111777,0.056969933895654974,0.012468252135765412,17.365269461077844,4331,9,13,True,20260709
R1|SEEV_SAFETY_UNIT|0.84,20260706,0.10857787303058387,0.07809464285714286,10.379981464318814,0.38461538461538464,0.6159199999999828,0.0,2.768720736793327,10.71264367816092,1.8292682926829267,0.05609336472749032,0.017608897126969416,17.17479674796748,4316,13,28,True,20260706
R1|LANDMARK_DECAY_RATE|0.66,20260705,0.10398953984819734,0.07823815789473683,9.037001897533207,0.0625,1.9897999999999456,0.10526315789473684,2.688971015180266,10.354285714285714,1.0515247108307046,0.048181780429035,0.022770398481973434,12.092534174553101,4216,16,19,True,20260705
R1|LANDMARK_DECAY_RATE|0.66,20260708,0.10512832026609646,0.08476666666666667,8.2679971489665,0.2727272727272727,0.4265333333334335,0.08333333333333333,2.7073470182941315,9.87027027027027,1.7671517671517671,0.043750208883053573,0.015680684248039915,12.993762993762994,4209,11,24,True,20260708
R1|LANDMARK_DECAY_RATE|0.66,20260706,0.09954206537186168,0.08535227272727273,8.3846518237802,0.23529411764705882,0.8173499999999194,0.045454545454545456,2.570985125532923,9.901639344262295,1.027749229188078,0.045165260113774315,0.023685457129322594,12.024665981500513,4222,17,22,True,20260706
R1|LANDMARK_DECAY_RATE|0.74,20260708,0.10523290567830838,0.08490625,8.31551437396056,0.2727272727272727,0.4265333333334335,0.08333333333333333,2.726291660727014,9.87027027027027,1.7671517671517671,0.04398401387948391,0.015680684248039915,12.993762993762994,4209,11,24,True,20260708
R1|LANDMARK_DECAY_RATE|0.74,20260706,0.10303170847136774,0.06190263157894737,9.938476100331282,0.7,0.6813428571428436,0.0,2.641052460955987,10.964071856287426,1.1822660098522169,0.053597906681331665,0.01419782300047326,14.187192118226601,4226,10,19,True,20260706
R1|LANDMARK_DECAY_RATE|0.66,20260707,0.11302532258064515,0.053428409090909096,10.299539170506913,0.5555555555555556,0.3979599999999891,0.045454545454545456,2.8328262903225805,11.125,1.27826941986234,0.05533459753487798,0.011751152073732719,16.519174041297934,4340,9,22,True,20260707
R1|LANDMARK_DECAY_RATE|0.66,20260709,0.10607941378520724,0.09328571428571429,9.84657659720632,0.36363636363636365,0.19744999999998925,0.09523809523809523,2.7486929929013053,9.935828877005347,1.670378619153675,0.05381631845763734,0.015113350125944584,13.3630289532294,4367,11,21,True,20260709
R1|LANDMARK_DECAY_RATE|0.74,20260705,0.1101897571035747,0.05866704545454546,10.334555453712191,0.26666666666666666,0.04745000000002619,0.045454545454545456,2.799338038496792,11.255813953488373,1.017293997965412,0.056498016363044454,0.01924839596700275,15.15768056968464,4364,15,22,True,20260705
R1|LANDMARK_DECAY_RATE|0.74,20260707,0.10436030640668524,0.08588846153846154,10.027855153203342,0.3333333333333333,0.6632666666666486,0.07692307692307693,2.699009401114206,10.136612021857923,0.7368421052631579,0.05407938000885029,0.012070566388115135,13.157894736842104,4308,9,26,True,20260707
R1|LANDMARK_DECAY_RATE|0.74,20260709,0.10896322610506827,0.12281805555555556,9.60425827354779,0.5,0.8118400000000634,0.16666666666666666,2.7700869011802824,10.76271186440678,1.329243353783231,0.05232056337442601,0.01388567461235825,16.05316973415133,4321,10,18,True,20260709
R1|LANDMARK_DECAY_RATE|0.9,20260707,0.09794551312649165,0.061736000000000006,8.973747016706444,0.21428571428571427,0.0,0.0,2.586818973747017,9.86111111111111,1.1213047910295617,0.04775095151899962,0.018615751789976133,11.722731906218145,4190,14,25,True,20260707
R1|LANDMARK_DECAY_RATE|0.9,20260706,0.11049439425526986,0.05222586206896552,9.613157285151726,0.21428571428571427,0.0,0.034482758620689655,2.8638788742182073,10.931034482758621,1.0319917440660475,0.05275734467610146,0.018994672226082927,13.003095975232199,4317,14,29,True,20260706
R1|LANDMARK_DECAY_RATE|0.9,20260705,0.11585024808299506,0.08512386363636364,11.231393775372124,0.4,0.2724500000000205,0.13636363636363635,2.9455371447902574,11.416184971098266,0.7684918347742555,0.06261944162353274,0.013531799729364006,19.596541786743515,4434,10,22,True,20260705
R1|LANDMARK_DECAY_RATE|0.96,20260705,0.10006160377358492,0.06080185185185186,9.504716981132075,0.2222222222222222,0.09490000000005239,0.07407407407407407,2.6739060849056604,10.357954545454545,1.3972055888223553,0.050939762536523936,0.012735849056603774,12.674650698602793,4240,9,27,True,20260705
R1|LANDMARK_DECAY_RATE|0.9,20260708,0.10292354754564856,0.06992788461538461,9.675124496087266,0.14285714285714285,0.0,0.07692307692307693,2.7301740336732276,10.229885057471265,1.0660980810234542,0.05225746819670917,0.009959686981266303,12.473347547974413,4217,7,26,True,20260708
R1|LANDMARK_DECAY_RATE|0.96,20260707,0.10032495852097653,0.08048095238095239,8.55652998340839,0.3,0.19999999999996967,0.0,2.6761958757999524,9.783783783783784,1.1133603238866396,0.04560827228625678,0.01374733349134866,12.145748987854251,4219,10,21,True,20260707
R1|LANDMARK_DECAY_RATE|0.9,20260709,0.11024575611988104,0.10839545454545454,8.647906657515444,0.36363636363636365,0.27245000000004893,0.045454545454545456,2.850510043468314,10.629834254143647,0.9183673469387756,0.0475298929396886,0.014413177762525738,14.489795918367346,4371,11,22,True,20260709
R1|LANDMARK_DECAY_RATE|0.96,20260706,0.11802605633802817,0.09052625,10.336210813266696,0.25,0.24659999999994398,0.15,3.069345115856429,10.759776536312849,0.20855057351407716,0.057625283379570784,0.01590186278964107,17.831074035453597,4402,12,20,True,20260706
R1|LANDMARK_DECAY_RATE|0.96,20260709,0.10043739396795476,0.07488,9.307257304429783,0.5384615384615384,0.3000000000000195,0.05,2.6613996701225258,10.852941176470589,1.1011011011011012,0.05002517229644046,0.01767200754005655,13.413413413413414,4244,13,20,True,20260709
R1|LANDMARK_DECAY_RATE|0.96,20260708,0.11123824,0.11918541666666667,9.462857142857143,0.375,0.10000000000006064,0.125,2.9051814857142855,10.815642458100559,0.41025641025641024,0.052421778061965435,0.021942857142857142,14.871794871794872,4375,16,24,True,20260708
R1|LOOMING_BOOST_DECAY|0.72,20260705,0.10082792284168432,0.05126818181818182,9.785932721712538,0.0,nan,0.045454545454545456,2.662786262055987,10.039772727272727,1.3172338090010975,0.05281492170699128,0.020465772759350742,13.391877058177826,4251,15,22,True,20260705
R1|LOOMING_BOOST_DECAY|0.72,20260706,0.10772488415199259,0.07800892857142858,10.403151065801667,0.38461538461538464,0.6159200000000282,0.0,2.7716112604263206,10.71264367816092,1.8292682926829267,0.05618344400637499,0.017608897126969416,17.17479674796748,4316,13,28,True,20260706
R1|LOOMING_BOOST_DECAY|0.72,20260708,0.10518622712341623,0.10369500000000001,9.009854528390427,0.3333333333333333,0.0,0.12,2.715906640075082,10.383333333333333,0.8255933952528379,0.049193692592462764,0.008446738620366025,10.010319917440661,4262,6,25,True,20260708
R1|LOOMING_BOOST_DECAY|0.72,20260707,0.10300262068965517,0.07856935483870968,11.195402298850574,0.125,1.9898000000000593,0.03225806451612903,2.6287320000000003,10.186170212765957,1.6983016983016983,0.06063819782924644,0.011034482758620689,16.383616383616385,4350,8,31,True,20260707
R1|LOOMING_BOOST_DECAY|0.78,20260705,0.10083260409315456,0.05126818181818182,9.785932721712538,0.0,nan,0.045454545454545456,2.6626412138320394,10.039772727272727,1.3172338090010975,0.05281492170699128,0.020465772759350742,13.391877058177826,4251,15,22,True,20260705
R1|LOOMING_BOOST_DECAY|0.78,20260707,0.10300772413793104,0.07856935483870968,11.195402298850574,0.125,1.9898000000000593,0.03225806451612903,2.628672,10.186170212765957,1.6983016983016983,0.06063819782924644,0.011034482758620689,16.383616383616385,4350,8,31,True,20260707
R1|LOOMING_BOOST_DECAY|0.78,20260709,0.10951646271069038,0.08253076923076923,10.320942045716924,0.3333333333333333,0.6265333333333084,0.07692307692307693,2.7833957284691757,10.546961325966851,0.6986027944111777,0.056969933895654974,0.012468252135765412,17.365269461077844,4331,9,13,True,20260709
R1|LOOMING_BOOST_DECAY|0.78,20260708,0.10511189582355701,0.10369199999999999,9.033317691224777,0.3333333333333333,0.0,0.12,2.7137708118254342,10.383333333333333,0.8255933952528379,0.04928967057057413,0.008446738620366025,10.010319917440661,4262,6,25,True,20260708
R1|LOOMING_BOOST_DECAY|0.72,20260709,0.10951646271069038,0.08253076923076923,10.320942045716924,0.3333333333333333,0.6265333333333084,0.07692307692307693,2.7833526206418844,10.546961325966851,0.6986027944111777,0.056969933895654974,0.012468252135765412,17.365269461077844,4331,9,13,True,20260709
R1|LOOMING_BOOST_DECAY|0.78,20260706,0.10778264596848934,0.07800892857142858,10.379981464318814,0.38461538461538464,0.6159199999999828,0.0,2.772221501390176,10.71264367816092,1.8292682926829267,0.05609336472749032,0.017608897126969416,17.17479674796748,4316,13,28,True,20260706
R1|LOOMING_BOOST_DECAY|0.84,20260705,0.10084053163961422,0.05126818181818182,9.785932721712538,0.0,nan,0.045454545454545456,2.6623619854151968,10.039772727272727,1.3172338090010975,0.05281492170699128,0.020465772759350742,13.391877058177826,4251,15,22,True,20260705
R1|LOOMING_BOOST_DECAY|0.84,20260708,0.1052109338338808,0.10369500000000001,9.009854528390427,0.3333333333333333,0.0,0.12,2.7156582824964803,10.383333333333333,0.8255933952528379,0.049193692592462764,0.008446738620366025,10.010319917440661,4262,6,25,True,20260708
R1|LOOMING_BOOST_DECAY|0.84,20260706,0.10772409638554217,0.07800892857142858,10.403151065801667,0.38461538461538464,0.6159199999999828,0.0,2.7698568350324377,10.71264367816092,1.8292682926829267,0.056236356444790116,0.017608897126969416,17.17479674796748,4316,13,28,True,20260706
R1|LOOMING_BOOST_DECAY|0.9,20260705,0.10087398259233121,0.05126818181818182,9.785932721712538,0.0,nan,0.045454545454545456,2.662219430722183,10.039772727272727,1.3172338090010975,0.05281492170699128,0.020465772759350742,13.391877058177826,4251,15,22,True,20260705
R1|LOOMING_BOOST_DECAY|0.84,20260707,0.10300402298850575,0.07856935483870968,11.195402298850574,0.125,1.9898000000000593,0.03225806451612903,2.6288606896551725,10.186170212765957,1.6983016983016983,0.06063819782924644,0.011034482758620689,16.383616383616385,4350,8,31,True,20260707
R1|LOOMING_BOOST_DECAY|0.84,20260709,0.1095225352112676,0.08253076923076923,10.320942045716924,0.3333333333333333,0.6265333333333084,0.07692307692307693,2.783346294158393,10.546961325966851,0.6986027944111777,0.056969933895654974,0.012468252135765412,17.365269461077844,4331,9,13,True,20260709
R1|LOOMING_BOOST_DECAY|0.9,20260709,0.10955680240629338,0.08384444444444444,10.34243405830634,0.75,0.6448999999999595,0.1111111111111111,2.783265664044424,10.730337078651685,1.4910536779324055,0.05656996708941193,0.011105969458583989,16.40159045725646,4322,8,18,True,20260709
R1|LOOMING_BOOST_DECAY|0.9,20260708,0.10521797278273112,0.10369500000000001,9.009854528390427,0.3333333333333333,0.0,0.12,2.7158418582824964,10.383333333333333,0.8255933952528379,0.049193692592462764,0.008446738620366025,10.010319917440661,4262,6,25,True,20260708
R1|LOOMING_BOOST_DECAY|0.9,20260706,0.10774114921223356,0.07800892857142858,10.403151065801667,0.38461538461538464,0.6159199999999828,0.0,2.7699211306765523,10.71264367816092,1.8292682926829267,0.056236356444790116,0.017608897126969416,17.17479674796748,4316,13,28,True,20260706
R1|LOOMING_BOOST_DECAY|0.9,20260707,0.10302133333333334,0.07856935483870968,11.195402298850574,0.125,1.9898000000000593,0.03225806451612903,2.6286498390804596,10.186170212765957,1.6983016983016983,0.06062480902648922,0.011034482758620689,16.383616383616385,4350,8,31,True,20260707
R1|LOOMING_BOOST_DECAY|0.96,20260705,0.10075979769466008,0.05126136363636364,9.83298047518231,0.0,nan,0.045454545454545456,2.6600311691366736,10.039772727272727,1.3172338090010975,0.05305262699338106,0.020465772759350742,13.391877058177826,4251,15,22,True,20260705
R1|LOOMING_BOOST_DECAY|0.96,20260706,0.10756540778498609,0.08064910714285714,10.472659870250231,0.38461538461538464,0.6159199999999828,0.0,2.7677546339202967,10.71264367816092,1.8292682926829267,0.056586609791727686,0.017608897126969416,17.17479674796748,4316,13,28,True,20260706
R1|LOOMING_BOOST_DECAY|0.96,20260707,0.1029761379310345,0.07856935483870968,11.218390804597702,0.125,1.9898000000000593,0.03225806451612903,2.6262522068965515,10.186170212765957,1.6983016983016983,0.06071648060333933,0.011034482758620689,16.383616383616385,4350,8,31,True,20260707
R1|LOOMING_BOOST_DECAY|0.96,20260708,0.10514509619896763,0.10369500000000001,9.033317691224777,0.3333333333333333,0.0,0.12,2.7137462224307836,10.383333333333333,0.8255933952528379,0.04931675290233573,0.008446738620366025,10.010319917440661,4262,6,25,True,20260708
R1|LOOMING_BOOST_DECAY|0.96,20260709,0.10955920869967607,0.08384444444444444,10.36557149467839,0.75,0.6449000000000353,0.1111111111111111,2.7831298241554836,10.730337078651685,1.4910536779324055,0.056604006451360545,0.011105969458583989,16.40159045725646,4322,8,18,True,20260709
R1|LOOMING_BOOST_PEAK|0.28,20260705,0.10083810868031051,0.05126818181818182,9.785932721712538,0.0,nan,0.045454545454545456,2.661669207245354,10.039772727272727,1.3172338090010975,0.05281492170699128,0.020230533992001882,13.391877058177826,4251,15,22,True,20260705
R1|LOOMING_BOOST_PEAK|0.28,20260708,0.10519045049272642,0.10369500000000001,9.009854528390427,0.3333333333333333,0.0,0.12,2.715702299389958,10.383333333333333,0.8255933952528379,0.049193692592462764,0.008446738620366025,10.010319917440661,4262,6,25,True,20260708
R1|LOOMING_BOOST_PEAK|0.28,20260706,0.10771786376274328,0.07800892857142858,10.403151065801667,0.35714285714285715,0.43592000000003284,0.0,2.7712181186283598,10.71264367816092,1.8292682926829267,0.05618344400637499,0.01830398517145505,17.17479674796748,4316,14,28,True,20260706
R1|LOOMING_BOOST_PEAK|0.28,20260707,0.10299218390804599,0.07856935483870968,11.195402298850574,0.125,1.9898000000000593,0.03225806451612903,2.6280975172413794,10.186170212765957,1.6983016983016983,0.06063819782924644,0.011034482758620689,16.383616383616385,4350,8,31,True,20260707
R1|LOOMING_BOOST_PEAK|0.28,20260709,0.10951734010621103,0.08253076923076923,10.320942045716924,0.4,0.46989999999998133,0.07692307692307693,2.781997113830524,10.546961325966851,0.6986027944111777,0.056969933895654974,0.013160932809974601,17.365269461077844,4331,10,13,True,20260709
R1|LOOMING_BOOST_PEAK|0.21,20260705,0.10078099270759822,0.05126818181818182,9.785932721712538,0.0,nan,0.045454545454545456,2.6611300635144675,10.039772727272727,1.3172338090010975,0.05281492170699128,0.020230533992001882,13.391877058177826,4251,15,22,True,20260705
R1|LOOMING_BOOST_PEAK|0.21,20260708,0.10518908962928203,0.10369500000000001,9.009854528390427,0.3333333333333333,0.0,0.12,2.7155993195682777,10.383333333333333,0.8255933952528379,0.049193692592462764,0.008446738620366025,10.010319917440661,4262,6,25,True,20260708
R1|LOOMING_BOOST_PEAK|0.21,20260706,0.10780178405931418,0.07805,10.449490268767377,0.38461538461538464,0.43592000000003284,0.0,2.7708690917516217,10.71264367816092,1.8292682926829267,0.056420978568156685,0.017145505097312327,17.17479674796748,4316,13,28,True,20260706
R1|LOOMING_BOOST_PEAK|0.21,20260707,0.10297786206896552,0.07856935483870968,11.195402298850574,0.25,1.9898000000000025,0.03225806451612903,2.6273055172413793,10.186170212765957,1.6983016983016983,0.06063819782924644,0.011034482758620689,16.383616383616385,4350,8,31,True,20260707
R1|LOOMING_BOOST_PEAK|0.21,20260709,0.10949789886862157,0.08253076923076923,10.320942045716924,0.2222222222222222,0.8448999999999671,0.07692307692307693,2.7812690140845073,10.546961325966851,0.6986027944111777,0.056969933895654974,0.011544677903486492,17.365269461077844,4331,9,13,True,20260709
R1|LOOMING_BOOST_PEAK|0.42,20260705,0.10089567160668078,0.05126818181818182,9.785932721712538,0.0,nan,0.045454545454545456,2.66223904963538,10.039772727272727,1.3172338090010975,0.05281492170699128,0.019760056457304165,13.391877058177826,4251,14,22,True,20260705
R1|LOOMING_BOOST_PEAK|0.42,20260708,0.1051323087752229,0.10369199999999999,9.033317691224777,0.3333333333333333,0.0,0.12,2.7136779915532614,10.383333333333333,0.8255933952528379,0.04928967057057413,0.008446738620366025,10.010319917440661,4262,6,25,True,20260708
R1|LOOMING_BOOST_PEAK|0.42,20260707,0.10301891954022988,0.07856935483870968,11.195402298850574,0.125,1.9898000000000593,0.03225806451612903,2.629534942528736,10.186170212765957,1.6983016983016983,0.06063819782924644,0.011034482758620689,16.383616383616385,4350,8,31,True,20260707
R1|LOOMING_BOOST_PEAK|0.42,20260706,0.1077291936978684,0.07800892857142858,10.403151065801667,0.4166666666666667,0.6159199999999828,0.0,2.769954170528267,10.71264367816092,1.8292682926829267,0.056236356444790116,0.016682113067655237,17.17479674796748,4316,12,28,True,20260706
R1|LOOMING_BOOST_PEAK|0.49,20260705,0.10090625735121148,0.05126818181818182,9.785932721712538,0.0,nan,0.045454545454545456,2.662152834627147,10.039772727272727,1.3172338090010975,0.05281492170699128,0.019760056457304165,13.391877058177826,4251,14,22,True,20260705
R1|LOOMING_BOOST_PEAK|0.42,20260709,0.10951775571461556,0.08253076923076923,10.320942045716924,0.3333333333333333,0.6265333333333084,0.07692307692307693,2.7841626414223044,10.546961325966851,0.6986027944111777,0.056969933895654974,0.012468252135765412,17.365269461077844,4331,9,13,True,20260709
R1|LOOMING_BOOST_PEAK|0.49,20260706,0.1077291936978684,0.07800892857142858,10.403151065801667,0.4166666666666667,0.6159199999999828,0.0,2.769954170528267,10.71264367816092,1.8292682926829267,0.056236356444790116,0.016682113067655237,17.17479674796748,4316,12,28,True,20260706
R1|LOOMING_BOOST_PEAK|0.49,20260708,0.10521757390896293,0.10369500000000001,9.009854528390427,0.3333333333333333,0.0,0.12,2.715826630689817,10.383333333333333,0.8255933952528379,0.049193692592462764,0.008446738620366025,10.010319917440661,4262,6,25,True,20260708
R1|LOOMING_BOOST_PEAK|0.49,20260707,0.10301402298850575,0.07856935483870968,11.195402298850574,0.125,1.9898000000000593,0.03225806451612903,2.629634459770115,10.186170212765957,1.6983016983016983,0.06063819782924644,0.011034482758620689,16.383616383616385,4350,8,31,True,20260707
R1|LOOMING_BOOST_PEAK|0.49,20260709,0.10951297621796352,0.08253076923076923,10.320942045716924,0.3333333333333333,0.6265333333333084,0.07692307692307693,2.7843603324867234,10.546961325966851,0.6986027944111777,0.056969933895654974,0.012468252135765412,17.365269461077844,4331,9,13,True,20260709
R2|MEMORY_ACTIVE_ABSENT_STEPS_TH|12,20260707,0.1169831870669746,0.0942763888888889,9.607390300230948,0.5,0.953879999999981,0.1111111111111111,3.0059158660508083,10.788571428571428,1.2486992715920915,0.05216235452489237,0.013856812933025405,16.024973985431842,4330,10,18,True,20260707
R2|MEMORY_ACTIVE_ABSENT_STEPS_TH|12,20260708,0.11342661214953272,0.07530375,10.116822429906543,0.36363636363636365,0.0,0.1,2.9238529205607477,10.90643274853801,0.8163265306122449,0.054953875537391235,0.01542056074766355,14.285714285714285,4280,11,20,True,20260708
R2|MEMORY_ACTIVE_ABSENT_STEPS_TH|12,20260705,0.11804545662100456,0.060396,9.611872146118722,0.2,0.0,0.04,3.029997716894977,10.882022471910112,0.6147540983606558,0.053109046215437924,0.02054794520547945,14.241803278688526,4380,15,25,True,20260705
R2|MEMORY_ACTIVE_ABSENT_STEPS_TH|16,20260705,0.1065429196408013,0.06567894736842106,10.016117890858853,0.15789473684210525,0.6632666666666106,0.15789473684210525,2.6990471563435414,11.343023255813954,0.4975124378109453,0.054808181176767896,0.025328114206769514,14.427860696517413,4343,19,19,True,20260705
R2|MEMORY_ACTIVE_ABSENT_STEPS_TH|12,20260709,0.11831174418604651,0.06623214285714286,10.279069767441861,0.6666666666666666,0.4699000000000382,0.047619047619047616,2.9827933720930235,10.943502824858758,0.7597340930674265,0.05632312490377223,0.008372093023255815,16.904083570750235,4300,6,21,True,20260709
R2|MEMORY_ACTIVE_ABSENT_STEPS_TH|12,20260706,0.12449634786578406,0.12786145833333334,10.225975804610819,0.3,0.6632666666666864,0.125,3.187027916000913,10.876404494382022,0.6230529595015576,0.05655733549118206,0.013695503309746632,16.510903426791277,4381,10,24,True,20260706
R2|MEMORY_ACTIVE_ABSENT_STEPS_TH|16,20260706,0.09691012835472579,0.079728125,9.684947491248542,0.2,1.989799999999832,0.041666666666666664,2.5114683547257877,10.664739884393063,0.5230125523012552,0.05304333439361305,0.007001166861143524,13.389121338912133,4285,5,24,True,20260706
R2|MEMORY_ACTIVE_ABSENT_STEPS_TH|16,20260709,0.09177552281368821,0.08088260869565218,8.24619771863118,0.36363636363636365,0.0948999999999387,0.08695652173913043,2.4270038260456275,9.417112299465241,0.9249743062692704,0.04404593905896278,0.01568441064638783,11.510791366906476,4208,11,23,True,20260709
R2|MEMORY_ACTIVE_ABSENT_STEPS_TH|16,20260707,0.10132665736217725,0.07251400000000001,9.630146545708303,0.25,0.0,0.0,2.6119539195161665,10.355555555555556,1.1434511434511436,0.05223614616306716,0.011165387299371946,13.097713097713099,4299,8,25,True,20260707
R2|MEMORY_ACTIVE_ABSENT_STEPS_TH|16,20260708,0.1083148605395519,0.07318478260869565,10.05944215820759,0.4444444444444444,0.37117500000002224,0.08695652173913043,2.7225901920438957,11.172222222222222,0.697211155378486,0.055356590380527926,0.024691358024691357,14.442231075697212,4374,18,23,True,20260708
R2|PROBE_RELIEF_RATIO|0.25,20260705,0.10087054810632792,0.05119886363636363,9.785932721712538,0.0,nan,0.045454545454545456,2.6410971771347915,10.039772727272727,1.3172338090010975,0.05281492170699128,0.019760056457304165,13.391877058177826,4251,14,22,True,20260705
R2|PROBE_RELIEF_RATIO|0.25,20260707,0.10298942528735633,0.07856048387096774,11.195402298850574,0.125,1.9898000000000593,0.03225806451612903,2.6066352413793106,10.186170212765957,1.6983016983016983,0.06063819782924644,0.011034482758620689,16.383616383616385,4350,8,31,True,20260707
R2|PROBE_RELIEF_RATIO|0.25,20260706,0.10770342910101946,0.0779794642857143,10.403151065801667,0.4166666666666667,0.6159199999999828,0.0,2.7444936978683967,10.71264367816092,1.8292682926829267,0.056236356444790116,0.016682113067655237,17.17479674796748,4316,12,28,True,20260706
R2|PROBE_RELIEF_RATIO|0.25,20260708,0.10511170811825435,0.103727,9.033317691224777,0.3333333333333333,0.0,0.12,2.6931058892538715,10.383333333333333,0.8255933952528379,0.04928967057057413,0.008446738620366025,10.010319917440661,4262,6,25,True,20260708
R2|PROBE_RELIEF_RATIO|0.25,20260709,0.10949739090279381,0.08253461538461539,10.320942045716924,0.3333333333333333,0.6265333333333084,0.07692307692307693,2.7570506349572845,10.546961325966851,0.6986027944111777,0.056969933895654974,0.012468252135765412,17.365269461077844,4331,9,13,True,20260709
R2|SEEV_SAFETY_UNIT|0.735,20260705,0.10115890378734416,0.051326136363636365,9.785932721712538,0.0,nan,0.045454545454545456,2.661480710421077,10.039772727272727,1.3172338090010975,0.05281492170699128,0.019760056457304165,13.391877058177826,4251,14,22,True,20260705
R2|SEEV_SAFETY_UNIT|0.665,20260705,0.10059374264878852,0.050272727272727274,9.785932721712538,0.0,nan,0.045454545454545456,2.6641627852270053,10.039772727272727,1.3172338090010975,0.05281492170699128,0.019760056457304165,13.391877058177826,4251,14,22,True,20260705
R2|SEEV_SAFETY_UNIT|0.735,20260708,0.1054631862975129,0.10369199999999999,9.033317691224777,0.3333333333333333,0.0,0.12,2.7116267245424686,10.383333333333333,0.8255933952528379,0.04928967057057413,0.008446738620366025,10.010319917440661,4262,6,25,True,20260708
R2|SEEV_SAFETY_UNIT|0.735,20260706,0.10794775254865617,0.07809464285714286,10.403151065801667,0.4166666666666667,0.6159199999999828,0.0,2.7695128822984243,10.71264367816092,1.8292682926829267,0.056236356444790116,0.016682113067655237,17.17479674796748,4316,12,28,True,20260706
R2|SEEV_SAFETY_UNIT|0.735,20260709,0.10978646963749712,0.08248461538461539,10.320942045716924,0.3333333333333333,0.6265333333333084,0.07692307692307693,2.7843605633802815,10.546961325966851,0.6986027944111777,0.056969933895654974,0.012468252135765412,17.365269461077844,4331,9,13,True,20260709
R2|SEEV_SAFETY_UNIT|0.735,20260707,0.1032796091954023,0.07860806451612903,11.195402298850574,0.125,1.9898000000000593,0.03225806451612903,2.6289623908045976,10.186170212765957,1.6983016983016983,0.06063819782924644,0.011034482758620689,16.383616383616385,4350,8,31,True,20260707
R2|SEEV_SAFETY_UNIT|0.665,20260708,0.10481602534021586,0.103806,9.033317691224777,0.3333333333333333,0.0,0.12,2.715250703894885,10.383333333333333,0.8255933952528379,0.04928967057057413,0.008446738620366025,10.010319917440661,4262,6,25,True,20260708
R2|SEEV_SAFETY_UNIT|0.665,20260709,0.10916081736319558,0.08212884615384615,10.320942045716924,0.3333333333333333,0.6265333333333084,0.07692307692307693,2.7861538905564536,10.546961325966851,0.6986027944111777,0.056969933895654974,0.012468252135765412,17.365269461077844,4331,9,13,True,20260709
R2|SEEV_SAFETY_UNIT|0.665,20260706,0.10744782205746062,0.07792410714285715,10.403151065801667,0.4166666666666667,0.6159199999999828,0.0,2.772390593141798,10.71264367816092,1.8292682926829267,0.056236356444790116,0.016682113067655237,17.17479674796748,4316,12,28,True,20260706
R2|SEEV_SAFETY_UNIT|0.665,20260707,0.10269452873563219,0.0783524193548387,11.195402298850574,0.125,1.9898000000000593,0.03225806451612903,2.631298,10.186170212765957,1.6983016983016983,0.06063819782924644,0.011034482758620689,16.383616383616385,4350,8,31,True,20260707
R2|LANDMARK_DECAY_RATE|0.78,20260706,0.10313878371982962,0.06190263157894737,9.938476100331282,0.7,0.6813428571428436,0.0,2.6413100567912924,10.964071856287426,1.1822660098522169,0.053597906681331665,0.01419782300047326,14.187192118226601,4226,10,19,True,20260706
R2|LANDMARK_DECAY_RATE|0.78,20260708,0.10532264195770967,0.08490625,8.31551437396056,0.2727272727272727,0.4265333333334335,0.08333333333333333,2.725922879543835,9.87027027027027,1.7671517671517671,0.04398401387948391,0.015680684248039915,12.993762993762994,4209,11,24,True,20260708
R2|LANDMARK_DECAY_RATE|0.78,20260705,0.11027490834097159,0.058430681818181826,10.334555453712191,0.2857142857142857,0.04745000000002619,0.045454545454545456,2.798851351970669,11.255813953488373,1.017293997965412,0.056498016363044454,0.018790100824931256,15.15768056968464,4364,14,22,True,20260705
R2|LANDMARK_DECAY_RATE|0.86,20260708,0.10266017928756783,0.06445370370370371,7.9971691436659595,0.2,0.0,0.07407407407407407,2.682096437839113,9.86021505376344,1.0141987829614605,0.04275539968928698,0.007077140835102618,10.446247464503044,4239,5,27,True,20260708
R2|LANDMARK_DECAY_RATE|0.78,20260707,0.10440271587743732,0.08588846153846154,10.027855153203342,0.3,0.6632666666666486,0.07692307692307693,2.699338486536676,10.136612021857923,0.7368421052631579,0.05407938000885029,0.012999071494893221,13.157894736842104,4308,10,26,True,20260707
R2|LANDMARK_DECAY_RATE|0.78,20260709,0.10902409164545245,0.12281805555555556,9.60425827354779,0.5,0.8118400000000634,0.16666666666666666,2.770482064336959,10.76271186440678,1.329243353783231,0.05232056337442601,0.01388567461235825,16.05316973415133,4321,10,18,True,20260709
R2|LANDMARK_DECAY_RATE|0.86,20260706,0.10668611500701262,0.07807307692307693,9.560542309490415,0.35714285714285715,0.915920000000051,0.0,2.7646025479195884,10.64,0.9249743062692704,0.051912012300754415,0.019635343618513323,14.696813977389517,4278,14,26,True,20260706
R2|LANDMARK_DECAY_RATE|0.86,20260705,0.11542144790257104,0.08422045454545456,11.276499774470004,0.4,0.2724500000000205,0.13636363636363635,2.9156356562922867,11.416184971098266,0.7684918347742555,0.06280337772927211,0.013531799729364006,19.596541786743515,4434,10,22,True,20260705
R2|LANDMARK_DECAY_RATE|0.86,20260707,0.1102233644859813,0.09496195652173912,11.37451561431502,0.5,0.18163333333329015,0.13043478260869565,2.8028990882151814,10.261780104712042,1.1022044088176353,0.062189639962422584,0.01641212673808981,15.731462925851702,4387,12,23,True,20260707
R2|LANDMARK_DECAY_RATE|0.86,20260709,0.1099334564765643,0.08323076923076923,10.320942045716924,0.3333333333333333,0.6265333333333084,0.07692307692307693,2.8062313784345414,10.546961325966851,0.6986027944111777,0.056969933895654974,0.012468252135765412,17.365269461077844,4331,9,13,True,20260709
R2|LOOMING_BOOST_DECAY|0.79,20260705,0.10088438014584804,0.05126818181818182,9.785932721712538,0.0,nan,0.045454545454545456,2.6624068689720066,10.039772727272727,1.3172338090010975,0.05281492170699128,0.019760056457304165,13.391877058177826,4251,14,22,True,20260705
R2|LOOMING_BOOST_DECAY|0.79,20260707,0.10301714942528735,0.07856935483870968,11.195402298850574,0.125,1.9898000000000593,0.03225806451612903,2.6294029425287357,10.186170212765957,1.6983016983016983,0.06063819782924644,0.011034482758620689,16.383616383616385,4350,8,31,True,20260707
R2|LOOMING_BOOST_DECAY|0.82,20260708,0.1052169404035664,0.10369500000000001,9.009854528390427,0.3333333333333333,0.0,0.12,2.715779235100892,10.383333333333333,0.8255933952528379,0.049193692592462764,0.008446738620366025,10.010319917440661,4262,6,25,True,20260708
R2|LOOMING_BOOST_DECAY|0.79,20260706,0.1077180954587581,0.07800892857142858,10.403151065801667,0.4166666666666667,0.6159199999999828,0.0,2.770135495829472,10.71264367816092,1.8292682926829267,0.056236356444790116,0.016682113067655237,17.17479674796748,4316,12,28,True,20260706
R2|LOOMING_BOOST_DECAY|0.82,20260705,0.10088548576805458,0.05126818181818182,9.785932721712538,0.0,nan,0.045454545454545456,2.662364502470007,10.039772727272727,1.3172338090010975,0.05281492170699128,0.019760056457304165,13.391877058177826,4251,14,22,True,20260705
R2|LOOMING_BOOST_DECAY|0.82,20260707,0.10301402298850575,0.07856935483870968,11.195402298850574,0.125,1.9898000000000593,0.03225806451612903,2.629634459770115,10.186170212765957,1.6983016983016983,0.06063819782924644,0.011034482758620689,16.383616383616385,4350,8,31,True,20260707
R2|LOOMING_BOOST_DECAY|0.79,20260709,0.10951775571461556,0.08253076923076923,10.320942045716924,0.3333333333333333,0.6265333333333084,0.07692307692307693,2.7841626414223044,10.546961325966851,0.6986027944111777,0.056969933895654974,0.012468252135765412,17.365269461077844,4331,9,13,True,20260709
R2|LOOMING_BOOST_DECAY|0.79,20260708,0.10512348662599719,0.10369199999999999,9.033317691224777,0.3333333333333333,0.0,0.12,2.713896926325669,10.383333333333333,0.8255933952528379,0.04928967057057413,0.008446738620366025,10.010319917440661,4262,6,25,True,20260708
R2|LOOMING_BOOST_DECAY|0.82,20260706,0.1077291936978684,0.07800892857142858,10.403151065801667,0.4166666666666667,0.6159199999999828,0.0,2.769954170528267,10.71264367816092,1.8292682926829267,0.056236356444790116,0.016682113067655237,17.17479674796748,4316,12,28,True,20260706
R2|LOOMING_BOOST_DECAY|0.82,20260709,0.10952193488801662,0.08253076923076923,10.320942045716924,0.3333333333333333,0.6265333333333084,0.07692307692307693,2.78397153082429,10.546961325966851,0.6986027944111777,0.056969933895654974,0.012468252135765412,17.365269461077844,4331,9,13,True,20260709
R2|LOOMING_BOOST_PEAK|0.385,20260705,0.10087962832274758,0.05126818181818182,9.785932721712538,0.0,nan,0.045454545454545456,2.66252989884733,10.039772727272727,1.3172338090010975,0.05281492170699128,0.019760056457304165,13.391877058177826,4251,14,22,True,20260705
R2|LOOMING_BOOST_PEAK|0.385,20260708,0.10511480525574847,0.10369199999999999,9.033317691224777,0.3333333333333333,0.0,0.12,2.71371349131863,10.383333333333333,0.8255933952528379,0.04928967057057413,0.008446738620366025,10.010319917440661,4262,6,25,True,20260708
R2|LOOMING_BOOST_PEAK|0.455,20260705,0.10089752999294284,0.05126818181818182,9.785932721712538,0.0,nan,0.045454545454545456,2.662294848270995,10.039772727272727,1.3172338090010975,0.05281492170699128,0.019760056457304165,13.391877058177826,4251,14,22,True,20260705
R2|LOOMING_BOOST_PEAK|0.385,20260706,0.10771204819277108,0.07800892857142858,10.403151065801667,0.4166666666666667,0.6159199999999828,0.0,2.7700943234476365,10.71264367816092,1.8292682926829267,0.056236356444790116,0.016682113067655237,17.17479674796748,4316,12,28,True,20260706
R2|LOOMING_BOOST_PEAK|0.385,20260709,0.10951632417455553,0.08253076923076923,10.320942045716924,0.3333333333333333,0.6265333333333084,0.07692307692307693,2.7835050796582776,10.546961325966851,0.6986027944111777,0.056969933895654974,0.012468252135765412,17.365269461077844,4331,9,13,True,20260709
R2|LOOMING_BOOST_PEAK|0.455,20260708,0.10513768183951197,0.10369199999999999,9.033317691224777,0.3333333333333333,0.0,0.12,2.713751548568747,10.383333333333333,0.8255933952528379,0.04928967057057413,0.008446738620366025,10.010319917440661,4262,6,25,True,20260708
R2|LOOMING_BOOST_PEAK|0.455,20260706,0.1077291936978684,0.07800892857142858,10.403151065801667,0.4166666666666667,0.6159199999999828,0.0,2.769954170528267,10.71264367816092,1.8292682926829267,0.056236356444790116,0.016682113067655237,17.17479674796748,4316,12,28,True,20260706
R2|LOOMING_BOOST_PEAK|0.385,20260707,0.10300811494252873,0.07856935483870968,11.195402298850574,0.125,1.9898000000000593,0.03225806451612903,2.628822804597701,10.186170212765957,1.6983016983016983,0.06063819782924644,0.011034482758620689,16.383616383616385,4350,8,31,True,20260707
R2|LOOMING_BOOST_PEAK|0.455,20260707,0.10301777011494252,0.07856935483870968,11.195402298850574,0.125,1.9898000000000593,0.03225806451612903,2.6294491494252874,10.186170212765957,1.6983016983016983,0.06063819782924644,0.011034482758620689,16.383616383616385,4350,8,31,True,20260707
R2|LOOMING_BOOST_PEAK|0.455,20260709,0.10951643962133456,0.08253076923076923,10.320942045716924,0.3333333333333333,0.6265333333333084,0.07692307692307693,2.784064742553683,10.546961325966851,0.6986027944111777,0.056969933895654974,0.012468252135765412,17.365269461077844,4331,9,13,True,20260709
theta_star,20260708,0.1051323087752229,0.10369199999999999,9.033317691224777,0.3333333333333333,0.0,0.12,2.7136779915532614,10.383333333333333,0.8255933952528379,0.04928967057057413,0.008446738620366025,10.010319917440661,4262,6,25,True,20260708
theta_star,20260705,0.10089567160668078,0.05126818181818182,9.785932721712538,0.0,nan,0.045454545454545456,2.66223904963538,10.039772727272727,1.3172338090010975,0.05281492170699128,0.019760056457304165,13.391877058177826,4251,14,22,True,20260705
theta_star,20260706,0.1077291936978684,0.07800892857142858,10.403151065801667,0.4166666666666667,0.6159199999999828,0.0,2.769954170528267,10.71264367816092,1.8292682926829267,0.056236356444790116,0.016682113067655237,17.17479674796748,4316,12,28,True,20260706
theta_star,20260707,0.10301891954022988,0.07856935483870968,11.195402298850574,0.125,1.9898000000000593,0.03225806451612903,2.629534942528736,10.186170212765957,1.6983016983016983,0.06063819782924644,0.011034482758620689,16.383616383616385,4350,8,31,True,20260707
theta_star,20260709,0.10951775571461556,0.08253076923076923,10.320942045716924,0.3333333333333333,0.6265333333333084,0.07692307692307693,2.7841626414223044,10.546961325966851,0.6986027944111777,0.056969933895654974,0.012468252135765412,17.365269461077844,4331,9,13,True,20260709
finish|default_full,20260705,0.11985675417661097,0.107075,7.5894988066825775,0.23076923076923078,0.0632666666667016,0.2222222222222222,3.0663141766109785,11.057803468208093,2.1359223300970873,0.03763549118068406,0.018615751789976133,7.669902912621359,4190,13,18,True,20260705
finish|default_full,20260708,0.11804748472026329,0.10457826086956522,7.851433944522802,0.2222222222222222,0.0,0.08695652173913043,3.006136577338975,11.431952662721894,1.8700787401574805,0.04017104932783268,0.012223789374706159,6.692913385826772,4254,9,23,True,20260708
finish|default_full,20260706,0.11785594372801876,0.11342125,9.566236811254395,0.38461538461538464,0.5100000000000022,0.05,3.032387596717468,10.581005586592179,1.21580547112462,0.04974366809159768,0.0182883939038687,10.233029381965553,4265,13,20,True,20260706
finish|default_full,20260707,0.11430780464448169,0.07929782608695653,7.565238209241082,0.4,1.0298500000000388,0.17391304347826086,3.0002595163993298,10.690058479532164,1.6477857878475797,0.03840254501579049,0.014364376346660282,8.753861997940268,4177,10,23,True,20260707
finish|default_full,20260709,0.10950519855595668,0.08296704545454546,9.121540312876053,0.5,0.3060600000000022,0.0,2.881498676293622,10.276470588235295,1.244343891402715,0.04758042567613275,0.01444043321299639,7.013574660633484,4155,10,22,True,20260709
finish|rescan|0.03,20260709,0.25985875108412837,0.06173958333333333,32.263660017346055,0.75,0.3759199999999889,0.9166666666666666,6.8864887077189945,9.15702479338843,0.7331378299120235,0.13110283894944902,0.020815264527320035,29.765395894428153,5765,20,24,True,20260709
finish|rescan|0.03,20260707,0.25945898156277436,0.07108125,32.88849868305531,0.8,0.4524250000000194,0.96875,6.949944934152765,8.668032786885245,1.0760953112990008,0.132040720079974,0.010535557506584723,30.66871637202152,5695,10,32,True,20260707
finish|rescan|0.03,20260705,0.2599915135608049,0.07972232142857141,32.82589676290464,0.7222222222222222,0.4983538461538068,0.9285714285714286,6.939681172353456,9.739910313901346,1.3127413127413128,0.1330639471971572,0.01889763779527559,28.803088803088805,5715,18,28,True,20260705
finish|rescan|0.03,20260708,0.2617548601864181,0.10639583333333333,35.5525965379494,1.0,0.404023529411812,0.9722222222222222,6.9213452563249005,10.060344827586206,0.9200283085633405,0.15170989063561752,0.016977363515312916,34.111818825194625,6008,17,36,True,20260708
finish|rescan|0.03,20260706,0.2585133794295592,0.05479666666666665,32.8781331028522,0.6666666666666666,0.5532333333332721,0.9333333333333333,6.912180587726879,8.83673469387755,0.4511278195488722,0.13392656393467292,0.00933448573898012,30.0,5785,9,30,True,20260706
finish|rescan|0.04,20260706,0.25371435281837157,0.06670781249999999,32.41127348643006,0.8125,0.5544769230768557,0.9375,6.703110577592206,9.25925925925926,0.9774436090225564,0.13213032023686472,0.016701461377870562,28.421052631578945,5748,16,32,True,20260706
finish|rescan|0.04,20260705,0.25421480251660256,0.07619999999999999,32.209017825934986,0.7857142857142857,0.4944363636363262,0.8181818181818182,6.706428538972387,9.517391304347827,1.0558069381598794,0.13141386039436773,0.014680181754631249,27.526395173454,5722,14,22,True,20260705
finish|rescan|0.04,20260707,0.25090384750527056,0.07404907407407407,32.835558678847505,0.6363636363636364,0.37420000000007086,0.9259259259259259,6.6914399683766685,8.65702479338843,1.0861132660977502,0.13218096200795473,0.011595221363316937,29.40263770364624,5692,11,27,True,20260707
finish|rescan|0.04,20260708,0.24610074481291008,0.06923785714285713,31.459478630962938,0.8947368421052632,0.4258117647058772,0.8285714285714286,6.530829171838978,9.550218340611353,1.1144130757800892,0.1256061666234604,0.020216350416740556,26.523031203566124,5639,19,35,True,20260708
finish|rescan|0.04,20260709,0.2567029830276016,0.06972421875,33.139036516372364,0.9230769230769231,0.30739999999999174,1.0,6.804480541745243,9.298319327731093,0.7633587786259541,0.13632791098918168,0.012857877593005315,31.52671755725191,5833,13,32,True,20260709
finish|rescan|0.05,20260705,0.22892055169894046,0.05461562499999998,29.119473876507122,0.5,0.22993333333336827,0.8333333333333334,6.110536645962732,9.59447004608295,1.0833333333333335,0.11808275760939883,0.012970405553525757,17.583333333333336,5474,12,24,True,20260705
finish|rescan|0.05,20260707,0.22663737704918033,0.07515599999999999,29.854280510018217,0.8181818181818182,0.3421777777777556,0.84,5.926471056466303,9.383333333333333,1.1594202898550725,0.12473112355200706,0.012021857923497269,18.913043478260867,5490,11,25,True,20260707
finish|rescan|0.05,20260706,0.2348674088705333,0.06554338235294116,29.57442987969115,0.7857142857142857,0.18627272727276664,0.7647058823529411,6.191913521278506,10.30232558139535,1.3821138211382114,0.12239066692936117,0.015083497934997307,19.51219512195122,5569,14,34,True,20260706
finish|rescan|0.05,20260708,0.23220929267412488,0.058893749999999995,30.5304944063515,0.6666666666666666,0.2686250000000072,0.875,6.094624395525082,10.095890410958905,1.224177505738332,0.1277599571727113,0.012991699747383616,21.423106350420813,5542,12,24,True,20260708
finish|rescan|0.05,20260709,0.23447294964028775,0.08409431818181817,28.86690647482014,0.3157894736842105,0.6414999999999509,0.8636363636363636,6.145015359712231,9.320675105485233,1.4504431909750202,0.11910330453062354,0.02014388489208633,18.93634165995165,5560,19,22,True,20260709
finish|rescan|0.06,20260705,0.10089567160668078,0.05126818181818182,9.785932721712538,0.0,nan,0.045454545454545456,2.66223904963538,10.039772727272727,1.3172338090010975,0.05281492170699128,0.019760056457304165,13.391877058177826,4251,14,22,True,20260705
finish|rescan|0.06,20260706,0.1077291936978684,0.07800892857142858,10.403151065801667,0.4166666666666667,0.6159199999999828,0.0,2.769954170528267,10.71264367816092,1.8292682926829267,0.056236356444790116,0.016682113067655237,17.17479674796748,4316,12,28,True,20260706
finish|rescan|0.06,20260707,0.10301891954022988,0.07856935483870968,11.195402298850574,0.125,1.9898000000000593,0.03225806451612903,2.629534942528736,10.186170212765957,1.6983016983016983,0.06063819782924644,0.011034482758620689,16.383616383616385,4350,8,31,True,20260707
finish|rescan|0.06,20260708,0.1051323087752229,0.10369199999999999,9.033317691224777,0.3333333333333333,0.0,0.12,2.7136779915532614,10.383333333333333,0.8255933952528379,0.04928967057057413,0.008446738620366025,10.010319917440661,4262,6,25,True,20260708
finish|rescan|0.06,20260709,0.10951775571461556,0.08253076923076923,10.320942045716924,0.3333333333333333,0.6265333333333084,0.07692307692307693,2.7841626414223044,10.546961325966851,0.6986027944111777,0.056969933895654974,0.012468252135765412,17.365269461077844,4331,9,13,True,20260709
finish|rescan|0.07,20260705,0.10089567160668078,0.05126818181818182,9.785932721712538,0.0,nan,0.045454545454545456,2.66223904963538,10.039772727272727,1.3172338090010975,0.05281492170699128,0.019760056457304165,13.391877058177826,4251,14,22,True,20260705
finish|rescan|0.07,20260706,0.1077291936978684,0.07800892857142858,10.403151065801667,0.4166666666666667,0.6159199999999828,0.0,2.769954170528267,10.71264367816092,1.8292682926829267,0.056236356444790116,0.016682113067655237,17.17479674796748,4316,12,28,True,20260706
finish|rescan|0.07,20260708,0.1051323087752229,0.10369199999999999,9.033317691224777,0.3333333333333333,0.0,0.12,2.7136779915532614,10.383333333333333,0.8255933952528379,0.04928967057057413,0.008446738620366025,10.010319917440661,4262,6,25,True,20260708
finish|rescan|0.07,20260707,0.10301891954022988,0.07856935483870968,11.195402298850574,0.125,1.9898000000000593,0.03225806451612903,2.629534942528736,10.186170212765957,1.6983016983016983,0.06063819782924644,0.011034482758620689,16.383616383616385,4350,8,31,True,20260707
finish|rescan|0.07,20260709,0.10951775571461556,0.08253076923076923,10.320942045716924,0.3333333333333333,0.6265333333333084,0.07692307692307693,2.7841626414223044,10.546961325966851,0.6986027944111777,0.056969933895654974,0.012468252135765412,17.365269461077844,4331,9,13,True,20260709
finish|rescan|0.08,20260705,0.10089567160668078,0.05126818181818182,9.785932721712538,0.0,nan,0.045454545454545456,2.66223904963538,10.039772727272727,1.3172338090010975,0.05281492170699128,0.019760056457304165,13.391877058177826,4251,14,22,True,20260705
finish|rescan|0.08,20260707,0.10301891954022988,0.07856935483870968,11.195402298850574,0.125,1.9898000000000593,0.03225806451612903,2.629534942528736,10.186170212765957,1.6983016983016983,0.06063819782924644,0.011034482758620689,16.383616383616385,4350,8,31,True,20260707
finish|rescan|0.08,20260706,0.1077291936978684,0.07800892857142858,10.403151065801667,0.4166666666666667,0.6159199999999828,0.0,2.769954170528267,10.71264367816092,1.8292682926829267,0.056236356444790116,0.016682113067655237,17.17479674796748,4316,12,28,True,20260706
finish|rescan|0.08,20260708,0.1051323087752229,0.10369199999999999,9.033317691224777,0.3333333333333333,0.0,0.12,2.7136779915532614,10.383333333333333,0.8255933952528379,0.04928967057057413,0.008446738620366025,10.010319917440661,4262,6,25,True,20260708
finish|rescan|0.08,20260709,0.10951775571461556,0.08253076923076923,10.320942045716924,0.3333333333333333,0.6265333333333084,0.07692307692307693,2.7841626414223044,10.546961325966851,0.6986027944111777,0.056969933895654974,0.012468252135765412,17.365269461077844,4331,9,13,True,20260709
finish|holdout_default,20260710,0.10459454545454545,0.08578200000000001,8.229665071770336,0.23076923076923078,0.8632666666666561,0.0,2.7626206937799047,10.180790960451978,1.4014014014014013,0.04181364983593986,0.018660287081339714,8.708708708708707,4180,13,25,True,20260710
finish|holdout_default,20260711,0.10758148931172187,0.09273300000000001,8.315715292459478,0.5,0.6918400000000083,0.04,2.8453510923185346,10.22905027932961,0.96051227321238,0.04306164679831785,0.013624618275781066,8.964781216648879,4257,10,25,True,20260711
finish|holdout_default,20260712,0.1040878217349857,0.10508854166666666,8.412774070543374,0.2222222222222222,0.6397999999998092,0.041666666666666664,2.7620244995233554,9.627777777777778,1.1049723756906076,0.04376594557261961,0.012869399428026692,7.07182320441989,4196,9,24,True,20260712
finish|holdout_theta,20260711,0.10009269901083373,0.05813125,10.292039566650965,0.36363636363636365,0.46990000000002574,0.041666666666666664,2.5763412152614227,10.517045454545455,1.0576923076923077,0.05560180830934387,0.01436646255299105,14.711538461538462,4246,11,24,True,20260711
finish|holdout_theta,20260712,0.11699823637196519,0.08729347826086957,9.61978928080623,0.2857142857142857,0.2724499999999921,0.08695652173913043,2.9487421209344937,10.94475138121547,0.8040201005025126,0.053060324901095884,0.018781493357764543,15.27638190954774,4366,14,23,True,20260712
finish|holdout_theta,20260713,0.10251927542963307,0.11179705882352942,10.171853228053878,0.16666666666666666,0.0,0.058823529411764705,2.6310200418021368,10.82183908045977,1.6129032258064515,0.055208063564112446,0.008360427310729215,13.911290322580644,4306,6,17,True,20260713
finish|holdout_theta,20260714,0.10760477759472817,0.05851363636363637,10.12002824193928,0.26666666666666666,0.15000000000000568,0.045454545454545456,2.78360863732643,10.35593220338983,0.6091370558375634,0.05496793926197558,0.021181454459872913,15.32994923857868,4249,15,22,True,20260714
finish|holdout_theta,20260710,0.11537467090331366,0.049917105263157895,9.986382206082615,0.35714285714285715,0.3979599999999664,0.0,2.9595113027689512,11.282352941176471,0.966702470461869,0.05494592168872237,0.019064911484339538,16.11170784103115,4406,14,19,True,20260710
finish|holdout_default,20260714,0.11681827602449364,0.16248055555555557,8.078191238813002,0.3,0.0,0.16666666666666666,2.99771509656147,10.519553072625698,1.36986301369863,0.04252024666960632,0.01413094677343382,6.006322444678609,4246,10,18,True,20260714
finish|holdout_default,20260713,0.11918131634819533,0.09147954545454545,9.365416371785798,0.5,0.0,0.13636363636363635,3.0689787449870254,11.345454545454546,1.3457556935817805,0.04791390150400575,0.0028308563340410475,9.627329192546584,4239,2,22,True,20260713
verify|probe0.3,20260705,0.10084587155963304,0.05113181818181818,9.785932721712538,0.0,nan,0.045454545454545456,2.6199548106327923,10.039772727272727,1.3172338090010975,0.05281492170699128,0.019760056457304165,13.391877058177826,4251,14,22,True,20260705
verify|probe0.3,20260708,0.10509129516658847,0.103765,9.033317691224777,0.3333333333333333,0.0,0.12,2.67253385734397,10.383333333333333,0.8255933952528379,0.04928967057057413,0.008446738620366025,10.010319917440661,4262,6,25,True,20260708
verify|probe0.3,20260709,0.1094761486954514,0.08253653846153847,10.320942045716924,0.3333333333333333,0.6265333333333084,0.07692307692307693,2.729854052181944,10.546961325966851,0.6986027944111777,0.056969933895654974,0.012468252135765412,17.365269461077844,4331,9,13,True,20260709
verify|probe0.3,20260706,0.10767796570898981,0.07794910714285715,10.403151065801667,0.4166666666666667,0.6159199999999828,0.0,2.719032761816497,10.71264367816092,1.8292682926829267,0.056236356444790116,0.016682113067655237,17.17479674796748,4316,12,28,True,20260706
verify|probe0.3,20260707,0.10295912643678161,0.07855403225806452,11.195402298850574,0.125,1.9898000000000593,0.03225806451612903,2.583651011494253,10.186170212765957,1.6983016983016983,0.06063819782924644,0.011034482758620689,16.383616383616385,4350,8,31,True,20260707
extend|PROBE_RELIEF|0.05,20260705,0.10097017172430016,0.05146704545454545,9.785932721712538,0.0,nan,0.045454545454545456,2.725665749235474,10.039772727272727,1.3172338090010975,0.05281492170699128,0.019760056457304165,13.391877058177826,4251,14,22,True,20260705
extend|PROBE_RELIEF|0.1,20260708,0.1051731581417175,0.103614,9.033317691224777,0.3333333333333333,0.0,0.12,2.754822243078367,10.383333333333333,0.8255933952528379,0.04928967057057413,0.008446738620366025,10.010319917440661,4262,6,25,True,20260708
extend|PROBE_RELIEF|0.05,20260708,0.1051936414828719,0.103581,9.033317691224777,0.3333333333333333,0.0,0.12,2.77539420459878,10.383333333333333,0.8255933952528379,0.04928967057057413,0.008446738620366025,10.010319917440661,4262,6,25,True,20260708
extend|PROBE_RELIEF|0.1,20260705,0.10094521289108446,0.051396590909090906,9.785932721712538,0.0,nan,0.045454545454545456,2.7045237120677488,10.039772727272727,1.3172338090010975,0.05281492170699128,0.019760056457304165,13.391877058177826,4251,14,22,True,20260705
extend|PROBE_RELIEF|0.05,20260709,0.1095817594089125,0.08252884615384616,10.320942045716924,0.3333333333333333,0.6265333333333084,0.07692307692307693,2.865752228122836,10.546961325966851,0.6986027944111777,0.056969933895654974,0.012468252135765412,17.365269461077844,4331,9,13,True,20260709
extend|PROBE_RELIEF|0.1,20260709,0.10956037866543523,0.08253269230769232,10.320942045716924,0.3333333333333333,0.6265333333333084,0.07692307692307693,2.8385559224197645,10.546961325966851,0.6986027944111777,0.056969933895654974,0.012468252135765412,17.365269461077844,4331,9,13,True,20260709
extend|PROBE_RELIEF|0.05,20260706,0.10780616311399444,0.07809553571428572,10.403151065801667,0.4166666666666667,0.6159199999999828,0.0,2.8463368396663578,10.71264367816092,1.8292682926829267,0.056236356444790116,0.016682113067655237,17.17479674796748,4316,12,28,True,20260706
extend|PROBE_RELIEF|0.1,20260706,0.10778056070435589,0.07806607142857144,10.403151065801667,0.4166666666666667,0.6159199999999828,0.0,2.8208759731232624,10.71264367816092,1.8292682926829267,0.056236356444790116,0.016682113067655237,17.17479674796748,4316,12,28,True,20260706
extend|PROBE_RELIEF|0.1,20260707,0.10307751724137931,0.07858306451612904,11.195402298850574,0.125,1.9898000000000593,0.03225806451612903,2.675701402298851,10.186170212765957,1.6983016983016983,0.06063819782924644,0.011034482758620689,16.383616383616385,4350,8,31,True,20260707
extend|PROBE_RELIEF|0.05,20260707,0.10310834482758621,0.07858951612903227,11.195402298850574,0.125,1.9898000000000593,0.03225806451612903,2.69868583908046,10.186170212765957,1.6983016983016983,0.06063819782924644,0.011034482758620689,16.383616383616385,4350,8,31,True,20260707
extend|PROBE_RELIEF|0.15,20260708,0.10515267480056312,0.10365500000000001,9.033317691224777,0.3333333333333333,0.0,0.12,2.7342500703894883,10.383333333333333,0.8255933952528379,0.04928967057057413,0.008446738620366025,10.010319917440661,4262,6,25,True,20260708
extend|PROBE_RELIEF|0.15,20260705,0.10092041872500589,0.05133068181818182,9.785932721712538,0.0,nan,0.045454545454545456,2.6833814867090098,10.039772727272727,1.3172338090010975,0.05281492170699128,0.019760056457304165,13.391877058177826,4251,14,22,True,20260705
extend|PROBE_RELIEF|0.15,20260707,0.10305013793103449,0.07857903225806452,11.195402298850574,0.125,1.9898000000000593,0.03225806451612903,2.6525618850574713,10.186170212765957,1.6983016983016983,0.06063819782924644,0.011034482758620689,16.383616383616385,4350,8,31,True,20260707
extend|PROBE_RELIEF|0.15,20260706,0.10775484244670992,0.07803571428571429,10.403151065801667,0.4166666666666667,0.6159199999999828,0.0,2.795415245597776,10.71264367816092,1.8292682926829267,0.056236356444790116,0.016682113067655237,17.17479674796748,4316,12,28,True,20260706
extend|PROBE_RELIEF|0.15,20260709,0.10953899792195798,0.08253653846153847,10.320942045716924,0.3333333333333333,0.6265333333333084,0.07692307692307693,2.811359131840222,10.546961325966851,0.6986027944111777,0.056969933895654974,0.012468252135765412,17.365269461077844,4331,9,13,True,20260709
